Workbook

Sheet Rekap Ringkasan
A1: REKAP INDIKATOR SUPERVISI AKADEMIK (5 Dokumen, 4 Tahap)
A2: Jumlah butir dihitung otomatis dari sheet tiap tahap.
A4: Sumber Dokumen | B4: 1_Pra-Observasi | C4: 2_Telaah Modul Ajar | D4: 3_Observasi Kelas | E4: 4_Pasca-Observasi | F4: Total
A5: Dok. 1 - Elemen Dasar, PM, Litnum & STEM | B5: =COUNTIF('Indikator Supervisi Akademik'!#REF!,$A5) -> #REF! | C5: =COUNTIF(#REF!,$A5) -> #REF! | D5: =COUNTIF(#REF!,$A5) -> #REF! | E5: =COUNTIF(#REF!,$A5) -> #REF! | F5: =SUM(B5:E5) -> #REF!
A6: Dok. 2 - Kompetensi Sosial Emosional (KSE) | B6: =COUNTIF('Indikator Supervisi Akademik'!#REF!,$A6) -> #REF! | C6: =COUNTIF(#REF!,$A6) -> #REF! | D6: =COUNTIF(#REF!,$A6) -> #REF! | E6: =COUNTIF(#REF!,$A6) -> #REF! | F6: =SUM(B6:E6) -> #REF!
A7: Dok. 3 - Diferensiasi | B7: =COUNTIF('Indikator Supervisi Akademik'!#REF!,$A7) -> #REF! | C7: =COUNTIF(#REF!,$A7) -> #REF! | D7: =COUNTIF(#REF!,$A7) -> #REF! | E7: =COUNTIF(#REF!,$A7) -> #REF! | F7: =SUM(B7:E7) -> #REF!
A8: Dok. 4 - English and Global Framework | B8: =COUNTIF('Indikator Supervisi Akademik'!#REF!,$A8) -> #REF! | C8: =COUNTIF(#REF!,$A8) -> #REF! | D8: =COUNTIF(#REF!,$A8) -> #REF! | E8: =COUNTIF(#REF!,$A8) -> #REF! | F8: =SUM(B8:E8) -> #REF!
A9: Dok. 5 - Manajemen Kelas & Disiplin Positif | B9: =COUNTIF('Indikator Supervisi Akademik'!#REF!,$A9) -> #REF! | C9: =COUNTIF(#REF!,$A9) -> #REF! | D9: =COUNTIF(#REF!,$A9) -> #REF! | E9: =COUNTIF(#REF!,$A9) -> #REF! | F9: =SUM(B9:E9) -> #REF!
A10: Total | B10: =SUM(B5:B9) -> #REF! | C10: =SUM(C5:C9) -> #REF! | D10: =SUM(D5:D9) -> #REF! | E10: =SUM(E5:E9) -> #REF! | F10: =SUM(F5:F9) -> #REF!
A13: Kategori Elemen | B13: 1_Pra-Observasi | C13: 2_Telaah Modul Ajar | D13: 3_Observasi Kelas | E13: 4_Pasca-Observasi | F13: Total
A14: Elemen Dasar | B14: =COUNTIF('Indikator Supervisi Akademik'!$E$3:$E$27,$A14) -> 9 | C14: =COUNTIF(#REF!,$A14) -> #REF! | D14: =COUNTIF(#REF!,$A14) -> #REF! | E14: =COUNTIF(#REF!,$A14) -> #REF! | F14: =SUM(B14:E14) -> #REF!
A15: Elemen Dasar & Litnum | B15: =COUNTIF('Indikator Supervisi Akademik'!$E$3:$E$27,$A15) -> 0 | C15: =COUNTIF(#REF!,$A15) -> #REF! | D15: =COUNTIF(#REF!,$A15) -> #REF! | E15: =COUNTIF(#REF!,$A15) -> #REF! | F15: =SUM(B15:E15) -> #REF!
A16: Elemen Dasar & PM | B16: =COUNTIF('Indikator Supervisi Akademik'!$E$3:$E$27,$A16) -> 0 | C16: =COUNTIF(#REF!,$A16) -> #REF! | D16: =COUNTIF(#REF!,$A16) -> #REF! | E16: =COUNTIF(#REF!,$A16) -> #REF! | F16: =SUM(B16:E16) -> #REF!
A17: Pembelajaran Mendalam | B17: =COUNTIF('Indikator Supervisi Akademik'!$E$3:$E$27,$A17) -> 0 | C17: =COUNTIF(#REF!,$A17) -> #REF! | D17: =COUNTIF(#REF!,$A17) -> #REF! | E17: =COUNTIF(#REF!,$A17) -> #REF! | F17: =SUM(B17:E17) -> #REF!
A18: Pembelajaran Mendalam & Elemen Dasar | B18: =COUNTIF('Indikator Supervisi Akademik'!$E$3:$E$27,$A18) -> 0 | C18: =COUNTIF(#REF!,$A18) -> #REF! | D18: =COUNTIF(#REF!,$A18) -> #REF! | E18: =COUNTIF(#REF!,$A18) -> #REF! | F18: =SUM(B18:E18) -> #REF!
A19: Literasi-Numerasi | B19: =COUNTIF('Indikator Supervisi Akademik'!$E$3:$E$27,$A19) -> 0 | C19: =COUNTIF(#REF!,$A19) -> #REF! | D19: =COUNTIF(#REF!,$A19) -> #REF! | E19: =COUNTIF(#REF!,$A19) -> #REF! | F19: =SUM(B19:E19) -> #REF!
A20: STEM | B20: =COUNTIF('Indikator Supervisi Akademik'!$E$3:$E$27,$A20) -> 0 | C20: =COUNTIF(#REF!,$A20) -> #REF! | D20: =COUNTIF(#REF!,$A20) -> #REF! | E20: =COUNTIF(#REF!,$A20) -> #REF! | F20: =SUM(B20:E20) -> #REF!
A21: Kompetensi Sosial Emosional | B21: =COUNTIF('Indikator Supervisi Akademik'!$E$3:$E$27,$A21) -> 0 | C21: =COUNTIF(#REF!,$A21) -> #REF! | D21: =COUNTIF(#REF!,$A21) -> #REF! | E21: =COUNTIF(#REF!,$A21) -> #REF! | F21: =SUM(B21:E21) -> #REF!
A22: Diferensiasi | B22: =COUNTIF('Indikator Supervisi Akademik'!$E$3:$E$27,$A22) -> 16 | C22: =COUNTIF(#REF!,$A22) -> #REF! | D22: =COUNTIF(#REF!,$A22) -> #REF! | E22: =COUNTIF(#REF!,$A22) -> #REF! | F22: =SUM(B22:E22) -> #REF!
A23: English and Global Framework | B23: =COUNTIF('Indikator Supervisi Akademik'!$E$3:$E$27,$A23) -> 0 | C23: =COUNTIF(#REF!,$A23) -> #REF! | D23: =COUNTIF(#REF!,$A23) -> #REF! | E23: =COUNTIF(#REF!,$A23) -> #REF! | F23: =SUM(B23:E23) -> #REF!
A24: Manajemen Kelas & Disiplin Positif | B24: =COUNTIF('Indikator Supervisi Akademik'!$E$3:$E$27,$A24) -> 0 | C24: =COUNTIF(#REF!,$A24) -> #REF! | D24: =COUNTIF(#REF!,$A24) -> #REF! | E24: =COUNTIF(#REF!,$A24) -> #REF! | F24: =SUM(B24:E24) -> #REF!
A25: Total | B25: =SUM(B14:B24) -> 25 | C25: =SUM(C14:C24) -> #REF! | D25: =SUM(D14:D24) -> #REF! | E25: =SUM(E14:E24) -> #REF! | F25: =SUM(F14:F24) -> #REF!
A26: Cek selisih dgn tabel atas (harus 0) | B26: =B25-B10 -> #REF! | C26: =C25-C10 -> #REF! | D26: =D25-D10 -> #REF! | E26: =E25-E10 -> #REF! | F26: =F25-F10 -> #REF!
A28: Catatan: kategori gabungan (mis. 'Elemen Dasar & Litnum') ditulis persis seperti pada dokumen asli dan dihitung terpisah.

Sheet Indikator Supervisi Akademik
A2: Tahap | B2: No. Urut | C2: ID | D2: Pertanyaan Wawancara Pra-Observasi | E2: Kategori Elemen | F2: Keterangan / Fokus
A3: 1TelaahModulAjar | B3: =TEXT(IF(A3=A2,B2+1,1),"00") -> 01 | C3: =UPPER(LEFT(E3,3)&LEFT(A3,1)&B3) -> DIF101 | D3: Modul Ajar mencantumkan hasil pemetaan awal kebutuhan belajar murid (kesiapan belajar, minat, atau profil/gaya belajar) sebagai dasar perancangan | E3: Diferensiasi | F3: Keselarasan Perencanaan
A4: 1TelaahModulAjar | B4: =TEXT(IF(A4=A3,B3+1,1),"00") -> 02 | C4: =UPPER(LEFT(E4,3)&LEFT(A4,1)&B4) -> DIF102 | D4: DIFERENSIASI KONTEN: Modul Ajar menyediakan variasi bahan ajar/sumber belajar (teks, gambar/audio-visual, manipulatif/konkret, media digital) sesuai tingkat kesiapan murid | E4: Diferensiasi | F4: Kerangka Pembelajaran (Konten)
A5: 1TelaahModulAjar | B5: =TEXT(IF(A5=A4,B4+1,1),"00") -> 03 | C5: =UPPER(LEFT(E5,3)&LEFT(A5,1)&B5) -> DIF103 | D5: DIFERENSIASI PROSES: Langkah pembelajaran merancang pilihan alur/kegiatan belajar dan jenjang pendampingan (scaffolding) yang disesuaikan dengan kemampuan murid | E5: Diferensiasi | F5: Pengalaman Belajar (Proses)
A6: 1TelaahModulAjar | B6: =TEXT(IF(A6=A5,B5+1,1),"00") -> 04 | C6: =UPPER(LEFT(E6,3)&LEFT(A6,1)&B6) -> DIF104 | D6: DIFERENSIASI PRODUK: Tugas/asesmen memberikan variasi/pilihan cara bagi murid untuk menunjukkan ketercapaian tujuan pembelajaran sesuai minat dan kemampuannya | E6: Diferensiasi | F6: Pengalaman Belajar (Produk)
A7: 1TelaahModulAjar | B7: =TEXT(IF(A7=A6,B6+1,1),"00") -> 05 | C7: =UPPER(LEFT(E7,3)&LEFT(A7,1)&B7) -> DIF105 | D7: DIFERENSIASI LINGKUNGAN BELAJAR: Perencanaan ruang kelas dan pengelompokan murid dirancang fleksibel (individu, berpasangan, atau kelompok berbasis kemampuan/minat) | E7: Diferensiasi | F7: Kerangka Pembelajaran (Lingkungan)
A8: 2PraObs | B8: =TEXT(IF(A8=A7,B7+1,1),"00") -> 01 | C8: =UPPER(LEFT(E8,3)&LEFT(A8,1)&B8) -> DIF201 | D8: Bagaimana Saudara memetakan kebutuhan belajar murid (kesiapan belajar, minat, atau profil belajar) sebelum menyusun pembelajaran ini? | E8: Diferensiasi | F8: Pemetaan Kebutuhan Belajar
A9: 2PraObs | B9: =TEXT(IF(A9=A8,B8+1,1),"00") -> 02 | C9: =UPPER(LEFT(E9,3)&LEFT(A9,1)&B9) -> DIF202 | D9: Bentuk diferensiasi apa yang akan Saudara terapkan (konten, proses, produk, atau lingkungan belajar) dalam pembelajaran kali ini? | E9: Diferensiasi | F9: Strategi Diferensiasi
A10: 2PraObs | B10: =TEXT(IF(A10=A9,B9+1,1),"00") -> 03 | C10: =UPPER(LEFT(E10,3)&LEFT(A10,1)&B10) -> DIF203 | D10: Bagaimana Saudara merancang pendampingan (scaffolding) bagi murid yang membutuhkan bantuan lebih serta tantangan bagi murid yang sudah mahir? | E10: Diferensiasi | F10: Penanganan Keberagaman Murid
A11: 3Observasi | B11: =TEXT(IF(A11=A10,B10+1,1),"00") -> 01 | C11: =UPPER(LEFT(E11,3)&LEFT(A11,1)&B11) -> DIF301 | D11: PEMETAAN & PENGELOMPOKAN: Mengarahkan atau mengelompokkan murid secara fleksibel berdasarkan kesiapan belajar, minat, atau gaya belajar yang telah diidentifikasi | E11: Diferensiasi | F11: Pendahuluan
A12: 3Observasi | B12: =TEXT(IF(A12=A11,B11+1,1),"00") -> 02 | C12: =UPPER(LEFT(E12,3)&LEFT(A12,1)&B12) -> DIF302 | D12: DIFERENSIASI KONTEN: Menyediakan dan memfasilitasi akses berbagai bentuk sumber belajar/materi (visual, auditori, kinestetik/konkret) sesuai kebutuhan murid | E12: Diferensiasi | F12: Kegiatan Inti
A13: 3Observasi | B13: =TEXT(IF(A13=A12,B12+1,1),"00") -> 03 | C13: =UPPER(LEFT(E13,3)&LEFT(A13,1)&B13) -> DIF303 | D13: DIFERENSIASI PROSES & SCAFFOLDING: Memberikan bimbingan terarah (scaffolding) bagi kelompok murid yang kesulitan serta tantangan pengayaan bagi murid yang cepat paham | E13: Diferensiasi | F13: Kegiatan Inti
A14: 3Observasi | B14: =TEXT(IF(A14=A13,B13+1,1),"00") -> 04 | C14: =UPPER(LEFT(E14,3)&LEFT(A14,1)&B14) -> DIF304 | D14: DIFERENSIASI PRODUK: Memberi kesempatan kepada murid untuk mempresentasikan/menunjukkan hasil pemahamannya dalam beragam format pilihan (tulisan, lisan, karya visual/produk) | E14: Diferensiasi | F14: Kegiatan Inti
... A158: 4PostObs | B158: =TEXT(IF(A158=A157,B157+1,1),"00") -> 02 | C158: =UPPER(LEFT(E158,3)&LEFT(A158,1)&B158) -> STE402 | D158: Bagaimana rencana Saudara untuk menyempurnakan integrasi teknologi, sains, atau matematika pada proyek/pertemuan berikutnya? | E158: STEM | F158: Tindak Lanjut & Optimasi STEM
